No me llaman la atención,
Que necesitamos más y más ideas para ayudar al medio ambiente,
Son buenos,
Son importantes para preservar nuestro ambiente,
Que son muy modernos y buenos porque buscan promover el estilo de vida en el futuro,
Son beneficiosos para todos,
Que debería a ver más ya que cuidan el medio ambiente,
Cada proyecto que tenga que ver con un beneficio a la sostenibilidad ambiental es de gran importancia para mí,
Muchos proyectos son solamente superficiales ya que no implican la colaboración de la administración federal para su aplicación con estatutos obligatorios,
Creo que son proyectos que van a tener mucha relevancia en los próximos años,
Son proyectos necesarios para mejorar la calidad de vida y remontar el cambio climático,
Deberíamos aumentar los proyectos sustentables,
Sorprende la manera que se pueden encontrar todas las formar de poder solucionar los temas ambientales,
Creo son importantes,
Nos ayudarán en un futuro para mantener bien al medio ambiente,
Son importantes toda vez que la realidad del mundo es cada vez más crítica desde el punto de vista de la contaminación,
Considero que este tipo de proyectos son importantes y a su vez requieren de compromiso y sobretodo contar con un buen financiamiento para poder llevar a cabo estos en primer lugar los proyectos que abordan dicho tema traen consigo un mundo lleno de posibilidades y mejoras que pueden ayudarnos a sobrellevar el estilo de vida que como sociedad tenemos de ahí la importancia de que se pueda contar con apoyo para poder impulsarlos y sean llevados a cabo,
Son buenos e importantes para que las futuras generaciones puedan disponer de los mismos recursos que nosotros ahorita,
Depende de cuál sea la planeación proyección etc. Pero siempre son bienvenidos,
Me parece de suma importancia puesto que es un tema que muchas veces no se le da la importancia que se le debe dar,
Me parecen muy bueno que las nuevas generaciones traten de cuidar el medio ambiente en proyectos futuros,
Además de importantes muy interesantes y en estos tiempos casi vitales,
Son personas interesadas en cuidar nuestro planeta,
Que son válidos y deberían ser apoyados,
No sé que hacen,
Impotente dado que quisiera que todos fueran conscientes del cuidado del planeta,
En mi opinión falta más dureza para los que violen las normas que rigen el medio ambiente todos sabemos que el gobierno hace como que se preocupa las industrias vierten su desechos a los ríos sin ser exigidos o multados así no se solucionara nunca,
Que son muy importantes y muy necesarios porque nuestro medio ambiente está muy contaminado,
Me parecen muy necesarios en la vida no dejar a un lado la naturaleza,
Me parece que hacen bien pero carecen de apoyo económico,
Es indispensable para frenar un poco el mal impacto ambiental,
Interesante,
Tan padres,
Me parecen interesantes aunque muy pocas veces se aplican como deben de ser,
Ante la situación ambiental actual considero que estos proyectos son de gran impacto ya que la mayoría busca reducir el impacto ambiental y contribuir al uso de energías alternativas,
Tan chidos porque estamos generando mucha basura y tenemos que hacer algo para ayudar al medio ambiente,
El proceso de análisis encaminado a predecir los impactos ambientales que un proyecto o actividad dados llevan a cabo un grado de concientización respecto al daño ocasionado por el ser humano hacia el medio ambiente,
Me interesan mucho porque me preocupa el futuro del mundo,
Este tipo de proyectos son fundamentales para asegurar un futuro sostenible para las siguientes generaciones,
Son interesantes,
Es una aportación muy buena para nuestro planeta el ayudar o hacer algo por el lugar donde vivimos,
Es urgente ya por el daño a nuestro planeta,
Me parece que en la actualidad son de suma importancia que se implementen dentro de la industria ya que favorece de manera positiva a la preservación del medio ambiente y los recursos naturales así como también fomenta la conciencia y el cuidado hacia el planeta,
No son suficientes podrían tener mejores resultados pero no tienen el apoyo necesario,
Considero que son cruciales para abordar los desafíos ambientales que enfrenta nuestro planeta y de igual manera promover la sostenibilidad algunos problemas como por ejemplo el cambio climático la pérdida de biodiversidad y la contaminación,
Que son muy necesarios hoy en día debido a que cada vez son más severas las consecuencias de no cuidar el medio ambiente,
Me genera empatía y solidaridad saber que se imponen proyectos para el mantenimiento del medio ambiente no es algo que se vea en todos lados ni a diario son muy escasos esos objetivos de recuperación de nuestro entorno y si los hay no es muy buena esa distribución de información y en lo personal me pone feliz por saber qué hay personas que están dispuestas a prevalecer el lugar donde vivimos,
Los proyectos que abordan el tema del medio ambiente son de vital importancia en la actualidad Tienen el potencial de generar un impacto significativo en la conservación de nuestros recursos naturales la mitigación del cambio climático y la promoción de prácticas sostenibles Estos proyectos suelen ser muy valorados por la sociedad y las empresas que buscan ser más responsables ambientalmente,
La impresión general es positiva ya que estos proyectos no solo buscan proteger el medio ambiente sino que también pueden generar oportunidades económicas y mejorar la calidad de vida de las personas Además fomentan la innovación y la colaboración entre diferentes sectores para encontrar soluciones creativas a los desafíos ambientales que enfrentamos,
Mi impresión es positiva considero que actualmente es un importante crear proyectos que impulsen el cuidado del medio ambiente,
Siento que son o muy ambiciosos o muy simples pero lo importante es seguir buscando alternativas para poder ayudar al medio ambiente,
Son importantes,
Que están geniales porque nos ayudan a cuidar más el planeta,
Necesarios,
Son proyectos que considero cada vez más necesarios pero que aún no son tratados con la seriedad suficiente,
Que son buenos en general para generar conciencia,
Que son esenciales y creo que de los temas más importantes que se deben de ejecutar,
Me alegra que se agan,
Se me hacen interesantes ya que pueden que de esos lleguen a mayores comunidades conscientes del ambiente,
Son de suma importancia porque generan conciencia a las personas para que cuiden el medio ambiente,
Que son proyectos que impactan a la sociedad,
Ninguna porque estoy haciendo uno,
Me parece que cada día es más importante desarrollar los proyectos que se han propuesto para mejorar la calidad de vida a largo plazo,
Son buenos e importantes para la sociedad,
Pues qué es muy importante ya que de ahí depende nuestra sustentabilidad,
Claramente son útiles teniendo en cuenta que el medio ambiente ya está demasiado deteriorado sin embargo a veces la producción de estos proyectos suele llegar a ser un problema más para el mismo ambiente,
Considero es muy importante ya que el planeta ya está al borde de que se tomen acciones al respecto además que las empresas poco a poco inician a darle importancia a que esto cumpla con medidas de calidad con el medio ambiente,
Son buenos intentos para tratar de combatir el cambio climático pero muchos de ellos siento que son a escala pequeña y no alcanzan la repercusión deseada,
Buena porque ayudan generar conciencia y aparte se puede construir oportunidades de trabajo,
Que son interesantes e importantes,
Creo que deben fomentarse más para que así cada vez haya más proyectos enfocados al medio ambiente,
Interesantes ya que toda idea que beneficie al medio ambiente debe ser practicada por la sociedad,
Que son fundamentales además de ser proyectos es una acción que favorecerá a demasiadas personas,
Que son importantes ya que ayudan a la conservación de este y proponen buenas ideas,
Me gusta que se preocupen por el medio ambiente,
Me parece muy buena propuesta ya que existe una preocupación por el medio ambiente,
Son buena idea porque nos abren el panorama general y nos hace conscientes de que existe algo más que nuestra sociedad y que somos dependientes de una forma u otra del ecosistema,
Que ayudan mucho a prevenir o reducir problemas de contaminación,
Me parece que son muy buenos e importantes porque actualmente el medio ambiente está deteriorado y a futuro puede provocar que la calidad de vida disminuya aún más y el extremo sería que el planeta ya no sea habitable,
Que son muy pretenciosos y complicados,
Considero que son esenciales para abordar los desafíos ambientales,
Son nulos,
Buenos para nosotros y el planeta,
Que se preocupan por la preservación de los ecosistemas,
Son muy importantes para tener un mejor futuro,
Tengo una buena impresión porque es un tema muy importante en este momento del medio ambiente,
Pues es un tema que se escucha mucho en los medios de comunicación pero nosotros como personas conscientes de que no hacemos nada por no deteriorarlo y nuestro Gobierno tampoco ayuda en nada por mejorar las condiciones del medio ambiente,
Interesantes y sobre todo llevarlos a cabo,
Me parecen interesantes y me gustaría que continuaran con ellos para mejorar el medio ambiente,
Es buena creo que es una buena iniciativa el que aborden el tema del medio ambiente,
Me parecen interesantes pero el alcance de muchos de ellos no ven la luz del día,
Son algo que debería de tener más relevancia ya que estos pueden generar un cambio positivo en la sociedad y posteriormente ver estos los resultados de estos,
Nula,
Que son buenos porque hacen conciencia,
Son excelentes propuestas que deberían de ser más numerosas porque el medio ambiente es algo que nos debe de ocupar a todos,
No me agradan porque roban dinero,
Me parecen una buena idea de mejorar,
Me parecen geniales,
Son muy importantes sin embargo no se les da la continuidad correcta y se quedan en el vacío,
Pueden ser greenwashing es decir pretender hacer una campaña medio ambiental solo por marketing,
Que no sirven,
No me gustan,
Que tendrá que ser proyectos con mucha participación,
Bueno cooperadora,
Demasiada ya que es donde vivimos y tenemos que cuidarla,
Que estoy aportando algo para las siguientes generaciones,
Buena,
Daría mi 100%,
Principalmente que sea alcanzable el objetivo a lograr,
Percepción basada en resultados a corto medio y largo plazo,
Me gustaría que llegue a todos lados para amplificar los resultados y tener un país más sostenible,
Me sentiría muy bien porque estoy ayudando a mejorar y conservar nuestro medio ambiente,
Por un mundo mejor y un mejor futuro para nuestros futuros familiares,
Una percepción buena Porque para mí es de suma importancia conservar el lugar en el cual vivimos,
Satisfacción,
Que el medio ambiente es de donde podemos obtener lo necesario para vivir y si seguimos descuidándolo moriremos,
Mi percepción sería de apoyo y cooperación,
Creo que tendría una mente abierta y además mi primera percepción podría ser enfocada hacia el tipo de rumbo que tomara el proyecto es importante tomar en cuenta que participar en un proyecto se trata de un constante prueba y error para poder lograr los resultados deseados,
Pues buena,
Tendría un enfoque principal hacia el mayor problema,
Me haría sentir bien y comprometida pues al poder tener la oportunidad de ayudar a conservarlo me haría parte del cambio positivo que se pueda lograr,
Priorizar tanto el cuidado como hacer un buen trabajo,
Creo que me cambiaría por ser parte de éste,
Necesitaría contar con mucho apoyo para conseguir los resultados planeados,
Pues participar con la intención de mejorar y apoyar el proyecto,
Que ayudo al planeta,
Activista dispuesta a apoyar con las actividades en comunidad,
Sería perder mi tiempo porque nos dejarían trabajar donde no le duela o afecte sus intereses,
Concientizar a las personas por medio de campañas para que ya no contaminen,
Me gustaría mucho me interesan esos temas,
Me sentiría bien de poder colaborar con algo,
Convencer a la población de mejorar sus hábitos e invertir más en proyectos de desarrollo sustentable sin daño al medio ambiente,
Positiva,
Me gustaría ya que estaría colaborando con el medio ambiente,
En algún ámbito para el cuidado del agua,
Considero que es una excelente iniciativa y buscaría las formas en que este proyecto se implemente y se replique en diferentes escenarios,
Pues quizá me aburriría un poco ya que siento que podría ser más fructífero otros tipos de proyectos aún que apoyo la idea,
Sería favorable puesto permite concientizar sobre el daño generado al medio ambiente y así mismo parte de las entidades que tengan a su cargo la aprobación del mismo para favorecer al cuidado del medio ambiente,
Pues que hay que pensar en las generaciones futuras y el mundo que les vamos a dejar,
Sentiría una gratificación personal si llegara a ver unos resultados tangibles de mi labor dentro del proyecto,
No me agrada mucho la idea,
Lo más positivo paciente y perseverante de que el proyecto tenga frutos en el futuro con el fin de saber que hago algo diferente por mi planeta,
Un futuro mejor para mis nietos,
Si participara en algún proyecto enfocado en este tema mi percepción sería que marcar un alcance que sí se pueda alcanzar para que las personas pudieran notar que pequeñas cosas hacen grandes cambios,
Sería más consciente y con enfoque en concientizar a los demás,
Sería gratificante saber que estoy contribuyendo a hacer del mundo un lugar más sostenible y saludable para todas las formas de vida,
Sería interesante para mí ya que estaría satisfecho con la idea de aportar algo al cuidado del ambiente,
La verdad es algo que me conmociona y llena mi interés por completo estoy consciente del grado de conservación del medio ambiente no es uno del que podamos orgullecernos al menos no en todas las áreas y sectores me agradaría ser partícipe de un proyecto así y estaría dispuesto a dar mi apoyo,
Comprometida. Considero que la conservación del medio ambiente es una prioridad crucial en la actualidad y tener la oportunidad de contribuir a este objetivo sería gratificante y significativo,
Estaría motivado para aportar mis habilidades y conocimientos en el proyecto trabajando en equipo para desarrollar soluciones efectivas y sostenibles Además estaría emocionado por aprender más sobre las complejidades ambientales y las mejores prácticas para la conservación de la biodiversidad la gestión de recursos naturales y la reducción de la huella ecológica,
Me gustaría mucho poder participar en este tipo de proyectos por el simple hecho de saber que estoy haciendo algo para cuidar mi entorno,
Trataría de tener una mentalidad abierta y de investigar mucho acerca del tema,
Es importante hacer conciencia de este tema,
Pues lo haría bastante eco friendly con el planeta,
Que estoy contribuyendo a la mejora de la sociedad,
Mi percepción sería la de realizar proyectos que dependiendo las personas involucradas sean factibles dentro de nuestro entorno diario,
Participar en un proyecto enfocado en la conservación del medio ambiente sería una experiencia increíblemente gratificante para mí. Desde mi perspectiva el medio ambiente es algo que debemos proteger y preservar para las generaciones futuras. Contribuir a este tipo de proyecto me haría sentir que estoy haciendo una diferencia real en el mundo ayudando a mitigar el impacto negativo que la actividad humana tiene en la naturaleza,
Pues me sentiría satisfecha que estoy participando en un proyecto para mejorar el mundo,
Sería increíble me pondría feliz,
Me enfocaría en lograr el objetivo del proyecto,
Mi percepción sería la de realizar trabajos cooperativos que sean didácticos y lúdicos,
La reducción de envases plásticos,
Mucha ya estoy trabajando en uno,
El punto más importante es darle una buena exposición para que así más gente lo conozca y sea utilizado de la mejor manera,
Positiva sería una experiencia única,
Aportar y ayudar más en medida de lo posible,
Estaría feliz siendo que apenas estoy creciendo y el ambiente ya está muy afectado sería algo reconfortante el poder hacer algo para restaurar el medio ambiente y seguir con un crecimiento,
Sería a que no se gasten recursos sino usar los medios digitales para esto,
Lo mismo que la pregunta anterior,
Dependiendo del proyecto pero en general buscaría aprender acerca del medio ambiente,
Querer reducir el mal uso de cosas que contaminen,
Sentiría que estoy haciendo un bien común,
Siempre y cuando sea realista la idea y que se pueda aplicar durante la vida cotidiana participaría constantemente,
En las veces que he participado en esas acciones la percepción es que gracias a los proyectos de medio ambiente hay mucha gente que se motiva y ayuda a la causa a seguir conservando y salvando gran parte de la vegetación,
Total se hace con esa finalidad de que las personas entren en razón y apoyen la causa,
Sería el mejorar el medio ambiente con base a las ideas o actividades que se lleven a cabo en el proyecto y crear un entorno más sano,
Sí me gustaría porque siento que también es importante,
Muy enriquecedor,
Que somos parte del ambiente y debemos cuidarlo para nuestro bien y el de futuras generaciones,
Que ayudaría a fomentar a tomar conciencia sobre el cuidado del medio ambiente,
Que será difícil aplicarlo debido a las cuestiones como el dinero y las empresas con mayor índice de contaminación las cuales están en contra de este tipo de proyectos sin embargo creo que es posible si se involucra a mucha gente,
Sería muy buena idea ya que la mayoría de proyectos son irreales o muy difíciles de conseguir por lo que me gustaría participar en uno que sí se pueda realizar,
Me comprometería para proteger y preservar nuestro medio ambiente para las generaciones futuras,
Estaría dispuesta a colaborar en ellos,
Colaborar en todo lo que se pueda,
Una percepción de prevención y cuidado,
Trataría de hacerlo lo mejor posible,
Espero buenos resultados,
Sería participativo en aportar un granito de arena para conservar y mejorar el medio ambiente,
Participar,
Dedicación al proyecto para resultados favorables,
Que las personas necesitan el conocimiento del proyecto,
Me gustaría bastante en especial si los resultados son tangibles o visibles en mi comunidad,
Si participara en un proyecto enfocado en la conservación del medio ambiente mi percepción sería muy positiva. Considero que la protección y cuidado de nuestro entorno natural es una de las prioridades más importantes que la humanidad debe atender en estos tiempos,
No me interesa,
No lo sé creo que sería bueno ya que aportaría algo positivo al medio ambiente,
Que estoy contribuyendo a conservarlo aportando mi contribución,
Tendría la percepción de la realidad totalmente alterada,
No me gusta la idea de participar,
Me daría pena entrar a un proyecto,
Que busco una solución a algo que cuide al medio ambiente,
Enfocarla más a un sentido financiero que de valores ya que la disposición de la gente por hacer algo siempre está motivada por el dinero,
No me gustaría participar en uno,
Bien,
Buena,
Interesante pero requiere de tiempo,
Muy accesible,
Súper,
Muy buena idea ojalá se haga,
Muy buena porque hay personas que no saben cómo ayudar al medio ambiente y un grupo los puede orientar,
Buena idea,
Me parecería muy buena,
Me parece buena idea siempre y cuando cada tema o secciones tomadas se lleven a la práctica,
Una comunidad donde poder participar para realizar proyectos enfocados a la conservación del ambiente es una buena opción,
Creo que es una buena idea y fácil de crear,
Gran idea para todos poner nuestro granito de arena y hacer conciencia en mucha gente de proteger nuestro medio ambiente,
Es una buena propuesta mientras se tome en cuenta que la naturaleza es parte importante de la sociedad,
Demasiado buena ya que así como vamos en tan pocos años el mundo se desgastará aún estamos a tiempo de solucionar el problema,
Me agrada,
Me parece una forma de seguir dándole un buen ejemplo a las siguientes generaciones,
Es bueno si se aplican acciones concretas,
Me parece interesante en primer lugar por el uso que se da a las herramientas con las que contamos hoy en día (el internet aparatos electrónicos etc) de esta forma nosotros como sociedad joven podemos sacar provecho a nuestros conocimientos y el manejo que tenemos de las nuevas tecnologías sin embargo me surge la siguiente duda ¿qué opciones existen para alguien que quiera unirse pero no cuente con las posibilidades de tener este tipo de herramientas a la mano?,
Está interesante la idea porque hay muchos proyectos pero les falta difusión y apoyo,
Es buena idea siempre y cuando sea duradera y tenga resultados positivos,
Me agrada bastante el tener ayuda del internet y/o redes se podrá llegar a muchas más personas y lograr un mayor impacto en más personas,
Me parece increíble,
Muy interesante y de mucho valor,
Todos los proyectos por algo inician,
Pues participaría apoyando el proyecto,
Perfecto hace falta participación ciudadana,
Yo pienso que no funcionaría o que alguien explique qué proponen y cómo,
Me parece una propuesta genial ya que nuestro planeta necesita de mucha ayuda para que en un futuro esté mejor,
Muy necesario para la sociedad actual,
Me gusta la idea así habría contenido en las redes de algo que sí es útil. Lejos de ver gente sin talento haciéndose viral,
Perfecto,
Positiva,
Estaría bien para que más gente se pudiera unir a este tipo de proyectos,
Me parece algo que se debe de hacer,
Me parece una excelente propuesta una comunidad donde se puedan compartir las diferentes ideas e iniciativas para promover una participación activa,
Me parece una buena idea ya que puedes seguir ciertos consejos,
Me parece una excelente propuesta Creo sería favorable para la sociedad,
Me parece una buena idea,
Me parece genial cada vez hay más personas dispuestas a ayudar y aportar su granito de arena,
Me daría mucha flojera pero estaría bien,
Buena ya que hoy en día es más fácil por el uso de las TIC's y se logra un excelente alcance a todo tipo de grupos sociales además de que hoy en día está muy de moda el poder ayudar o colaborar por buenas causas,
Sería muy recomendable,
Creo que el uso de los medios digitales hoy en día es lo que más mueve al planeta se me hace una idea innovadora,
Es una de las formas más fáciles de informar a la sociedad al final del día lo que se necesita es que la mayor cantidad de personas se interese en estas problemáticas,
Me parece increíble dicha propuesta ya que esto podría ayudar a impulsar la innovación la conciencia y la acción hacia un futuro más sostenible y equitativo para todos,
Interesante ya que para poder obtener resultados debemos trabajar en conjunto,
Factible e ingeniosa no hay necesidad de hacer comunas y grupos presenciales para la organización de proyectos así una comunidad en línea facilitaría esa organización para la planificación de proyectos centrados en el tema de sustentabilidad del medio ambiente,
Me parece muy positiva y relevante,
Me parece una idea muy interesante y creativa,
Estaría padre ya que así la información la tendríamos muy presente,
Es buena iniciativa,
Me parece bien porque así se ven más los proyectos sostenibles,
Me parece una buena idea más si se logra dar con asociaciones o empresas que participen en esta comunidad y que ayuden a que el cambio o las acciones crezcan en impacto,
La propuesta de crear una comunidad en línea dedicada a promover y colaborar en proyectos de desarrollo sostenible me parece sumamente positiva y oportuna. Vivimos en un mundo donde la conciencia sobre la importancia de la sostenibilidad está en aumento y una plataforma dedicada a esta causa podría tener un impacto significativo,
Muy bueno lo importante es que tuviera mucha difusión y hacer participar a la gente,
Seria interesante ver qué cosas buenas pasarían ahí,
Se me hacen bien ya que así se puede ayudar a esos proyectos a llegar a mayores comunidades,
Sería muy útil en ámbitos académicos ya que serviría de guía para estudiantes,
Aceptable,
Muy buena ayuda al planeta,
Me parece bien así dar puntos de vista objetivos a los participantes y mejorar hasta su desarrollo,
Una gran idea así se fomentaría más apoyo,
Me parece muy bien ya que todo o la mayoría de temas ya se llevan más a lo digital,
Es una propuesta buena y sería muy útil para poder tener un desarrollo sostenible estable y al mismo tiempo la producción de este no dañe el mismo resultado del proyecto,
Me parece buena idea porque considero que es algo ya necesario,
Sería bueno ya que muchas veces no llega la información,
En principio buena pero siento que ya hay varias que solo quedan en propuestas por la falta de seriedad y compromiso,
Se escucha bien y podría ayudar mucho por el uso de las nuevas tecnologías,
Me parece una buena manera de fomentar el cuidado del medio ambiente,
La sociedad no está lista para ese tipo de comunidades ya que prefieren ver otras cosas en internet,
Súper bien,
Me agrada,
Me parece muy bien y apoyaría la idea para que se pueda llevar a cabo,
Bien,
Me parece un buen proyecto ya que existe preocupación por el medio ambiente,
No veo muy atractiva la idea porque veo muy cansado estar coordinando muchos proyectos me parece buena idea solo para concientizarnos acerca del medio ambiente pero para trabajar no,
Me parece una muy buena propuesta ya que muchas veces no es tan fácil encontrar personas interesadas en los proyectos,
Me parece que es buena para poder comenzar a generar esa conciencia en todos nosotros,
Muy buena idea ya que las comunidades actuales son más democráticas o políticas,
Me parece excelente ya que con plataformas de este tipo se podría reunir a personas con ideas afines y expertos en diversas áreas para compartir recursos conocimientos y experiencias,
Genial,
Sería buena idea,
Bien porque te conectaría con otras personas preocupadas por el medio ambiente,
Sería formidable porque sería un parteaguas para que creamos conciencia todos sobre las consecuencias devastadoras si no mejoramos la calidad de vida y el medio ambiente,
Excelente,
Me parece bien pero es necesario que ya exista algún proyecto sobre el cual se pueda comenzar a trabajar,
Es buena,
Me parece bien pero es necesario que ya exista algún proyecto sobre el cual se pueda comenzar a trabajar,
Me parece una propuesta excelente y muy oportuna la de crear una comunidad en línea dedicada a promover y colaborar en proyectos de desarrollo sostenible. Considero que esta iniciativa tendría múltiples beneficios como impulsar la acción colectiva y el acceso a recursos,
Creo que es buena,
Muy buena idea,
Es buena idea para darle mayor difusión y que la gente se involucre más,
Me gusta suena interesante,
Excelente idea para el futuro,
Creo que es el futuro empezar a crear comunidades en línea,
Muy interesante solo tendrían que plantear bien cómo funcionaría,
Formalizar una estaría bien ya que se podría compartir conocimientos para el desarrollo de estos proyectos así como recursos o patrocinador obtenidos,
Ya existen,
Dinero,
El poder ayudar y ser ayudado con temas de reciclaje o ayuda con el medio ambiente,
Que te notifiquen lo que se hace aportes etc.,
Que tenga la mejor de las funciones y sea para bien,
Aprender enseñar a mis conocidos y lograr ver cambios en el medio ambiente en unos años,
Bien común,
Ningún beneficio,
Ampliar mi círculo social de personas con el mismo enfoque e ideas a las mías,
El principal beneficio es participar en proyectos que beneficien el ambiente ya que es la herencia que se les va a proporcionar a las futuras generaciones,
Seguimiento de los proyectos y pruebas de su correcto funcionamiento,
El principal beneficio sería que yo también lo haría y me sentiría satisfecha con lo que hago,
Disminución de contaminantes,
Solo espero que el mundo recupere un gran porcentaje de vida,
Agua,
Que todos podamos seguir viviendo en el medio ambiente,
Ninguno personal. Solo que el mundo cambie en un contexto menos destructivo al medio ambiente,
Creo que lo primordial sería el poder ampliar mi conocimiento respecto al tema aprender de las demás personas de la comunidad poder crear un aprendizaje a nivel personal pero también grupal,
Apoyo en proyectos que yo llegara a desarrollar difusión tal vez diferentes opiniones para mejorar el proyecto,
El beneficio sería a largo plazo de acuerdo al proyecto,
Perder participar en Campañas y propuestas así como beneficios en algunos negocios/empresas que igualmente estén comprometidas con la conservación del medio ambiente,
Que se llegue a aumentar el cuidado del medio ambiente,
Satisfacción personal,
Satisfacción de ver resultados,
Resultados favorables según el proyecto,
Mejorar el cambio climático,
Ninguno en vista que es responsabilidad de todos cuidar el planeta,
Serían mejoras supongo,
Que las nuevas generaciones vivan un poco mejor cuidando el medio ambiente,
Que entre todos creen una comunidad con más conciencia y reduzcan los residuos,
Ninguno más allá de ayudar al desarrollo sostenible. Si no pudiera ayudar en ese momento al menos estar enterado de las iniciativas de quienes sí están generando un cambio,
El poder aportar a cuidar al medio ambiente,
Ser parte activa de mejorar el mundo,
Idk,
Hacernos conscientes sobre lo que está pasando con el planeta,
Una amplia participación de todos los involucrados,
Un mejor manejo de los desechos,
Que el impacto social sea para beneficio del cuidado del medio ambiente y con ello se vea una mejora en el mismo,
Que creen aún más concientización en mí,
Un sentido de comunidad ya que trabajar junto a otros profesionales que están comprometidos con la causa crea un sentido de amistad y apoyo muy bueno,
Crecer en mis proyectos,
El saber que se está haciendo algo por cambiar costumbres y poder ser conscientes del daño que se le hace al lugar donde vivimos,
Apoyar para beneficio de todos,
Creo que más que obtener se trata de sentir esa satisfacción de poder ayudar,
Acceso a información verídica y confiable sobre el desarrollo sostenible organizaciones confiables para apoyar con donaciones y/o trabajo apoyo de la comunidad y seguridad,
Más que nada la colaboración el aprendizaje y el impacto que podríamos causar,
Aprendizaje,
La verdad es que nada a lo mejor no es algo del cual recibiremos un beneficio directamente pero a la larga no solo a nosotros sino a las generaciones futuras para preservar el lugar que habíamos es decir esperaría solo mejora y sustentabilidad de nuestro medio ambiente,
Unirme a una comunidad en línea centrada en proyectos de desarrollo sostenible puede enriquecerme trayectorias profesionales ampliar mis conocimientos y conexiones y brindarme una plataforma para contribuir de manera significativa a la construcción de un mundo más sostenible,
Siento que más que beneficios propios a mí en lo personal me gustaría saber que está teniendo buenos resultados y que hay interés para crear proyectos que tengan un impacto ambiental,
Experiencia y satisfacción,
Un mejor planeta,
El cuidar el planeta,
Hacer conciencia en la sociedad,
Que el entorno con el convivo diariamente se vea beneficiado,
Al unirme a una comunidad en línea centrada en proyectos de desarrollo sostenible esperaría obtener beneficios tanto personales como colectivos incluida la conexión con otros apasionados por la sostenibilidad la oportunidad de hacer una diferencia real en el mundo el desarrollo de nuevas habilidades y oportunidades de networking y colaboración profesional,
Sería un beneficio a futuro para la comunidad y el mundo,
Consejos útiles así como interacciones que dejen conocimiento,
Que realmente se logre lo que propone cada proyecto no solo de palabra con hechos,
Esperaría obtener un seguimiento o un apoyo en cuanto a proyectos de mi interés,
Ser consciente de los productos que consumo,
Un mejor clima para el planeta,
Retroalimentación de los proyectos que llegue a promover,
Una experiencia y conocimiento mayor al que tengo ahora acerca del desarrollo sostenible,
Información sobre cada avance logro y nuevas ideas o expectativas a lograr,
No tengo claro lo que esperaría porque hay varios resultados para in desarrollo sostenible pero creo que algo quisiera es que el proyecto no se desoriente,
La reducción de recuerdos innecesarios,
Ninguna,
Generar conocimientos y comunidad,
No lo sé por el momento,
Poder recibir apoyo consejos y ayuda de los demás miembros de la comunidad,
Que mis resultados fueran expuestos y cuantificados,
No esperaría nada a cambio con ver un planeta mejor reforestado reecho soy más que feliz,
El crear un mejor futuro ambiental tanto para mí como para las futuras generaciones,
Pues mejorar y mejor el medio ambiente,
Beneficios intangibles sobre todo la satisfacción de poder contribuir por um mejor planeta,
Saber hacer a de más técnicas sobre cómo emplear mejor los recursos,
Aprendizaje sobre algunas prácticas sostenibles que haya bastante colaboración en la comunidad para lograr los proyectos,
Que realmente se tengan objetivos y un plan formado de lo que se desea realizar así como algún tipo de incentivo,
Obtener informes relevantes poder debatir ideas y tener opiniones de gente con experiencia,
Esperaría obtener varios beneficios como los son aprendizaje oportunidades de colaboración y apoyo y motivación,
Poner un granito de arena para ayudar a difundir este tipo de proyectos que son tan necesarios para generar conciencia,
Mejorar nuestro ambiente,
Que al menos el entorno donde vivo sea mejorado,
Algunos tips para cuidar el medio ambiente y mejorar las condiciones de vida de las personas,
Una mejor calidad de vida,
Beneficios no esperaría lo importante sería mejorar el medio ambiente para que nuestros hijos y nietos tuvieran una mejor calidad de vida,
Una mejor calidad de vida,
Resultados positivos y buena práctica en persona para el medio ambiente,
Nunca he tenido la iniciativa de entrar en uno por lo que no sabía que contestar,
Algún tipo de recompensa monetaria o certificado de nuestra participación en esos proyectos,
Aprendizaje y crecimiento personal porque tendría la oportunidad de aprender de expertos líderes y pares en el campo de la sostenibilidad. Esto ampliaría mi conocimiento sobre las mejores prácticas tendencias emergentes e innovaciones en este ámbito,
Modelo dual,
Que gratificarán con plantitas por qué me gustan las plantitas,
La satisfacción de haber colaborado a la preservación del medio ambiente,
Que se fomente principalmente la comunicación y el apoyo entre usuarios,
Grandes proyectos con potencial para el futuro,
Apoyo a las futuras generaciones,
Que los proyectos que estén se lleven a cabo,
Por ejemplo puntos ante el gobierno que pudieran ayudarte a pagar servicios ya sea tenencia hipotecas etc.,
Beneficios en dinero,
Buena,
No es necesaria,
Que debe ser un red en dónde podamos confiar en la otra persona para que se puedan solucionar los problemas,
Que den buenas ideas para aportar algo de ayuda a la protección de medio ambiente,
No me parece peligroso y es hasta más fácil porque puede ser para distintas partes del mundo pues todos debemos aportar,
Me provoca algo de desconfianza,
Mi privacidad es muy importante para mí así que debería ser muy buena la protección de mi privacidad.,
Debería de tener algunos filtros que permitan el dar acceso solo a personas con enfoques positivos y con visión de apoyar,
Es importante la protección de la privacidad de los datos de los participantes ya que en la actualidad es muy común el robo de datos personales,
Pienso que se deben solicitar ciertos datos para no correr riesgo,
Es fundamental la privacidad y la protección de datos de cada uno de los miembros de esa plataforma eso haría que cada vez haya más gente ayudando,
Siempre y cuando tomemos conciencia del porqué debemos hacerlo,
Debe ser buena ya que la privacidad y más que nada la información que uno puede manejar es de suma importancia,
Estoy de acuerdo en unirme a una plataforma digital siempre y cuando existan políticas de privacidad según el artículo 16 de la constitución mexicana,
Seguridad ante todo,
Estaría bien asegurarnos de que todos estemos en la misma sintonía,
No tengo problemas si solo se atienden dichos asuntos ecológicos y ambientales,
Me parece un excelente punto la confianza y protección de la privacidad hoy en día es un tema que no se debe de pasar por alto y más en la participación de algún proyecto o trabajo que involucre buscar mejoras para la sociedad,
Pues esperaría que fuera una plataforma confiable y fácil de utilizar para que a las personas no se les complique y no dejen de lado un proyecto de este tipo,
Es por un bien común yo creo que tendría que ser un proyecto "abierto" a gente comprometida,
Se debe tener sinceridad y compromiso de ambas partes para lograr el objetivo,
No tengo mucho problema,
Es de suma importancia,
Es correcto,
Pues es importante y esperaría no alterar o dar esa información a terceros,
La misma que en cualquier plataforma,
Desconozco si sería confiable pero igual no creo que perjudique a los miembros del grupo,
Pues que sea seguro y que todos tengan el mismo objetivo,
Pues que debe ser segura para que más personas se unan,
Confío en que los datos que ocupan de mí no son sensibles. Si me registraría,
Es algo privado cuya información estará segura,
No entiendo la pregunta,
No tener que brindar muchos de mis datos que no sirvan,
Me parece que no debe ser digital debe ser presencial,
Considerando que se pueden compartir datos personales referente al ambiente en el que nos desarrollamos de forma que se puedan identificar aquellas áreas de oportunidad donde sea factible y viable desarrollar e implementar algunos de los proyectos en busca de reducir el impacto ambiental,
Pienso que la privacidad de tus datos no es tan importante para ser privado además puedes usar esta información para recolectar datos y hacer un mejor uso de la aplicación,
En este sentido un paso fundamental para garantizar mi privacidad y seguridad en línea es que mi información y datos tengan uso de manera confidencial y para un uso adecuado,
Bien tranquila,
Si la plataforma es transparente sobre cómo utiliza y protege los datos personales estaría más confiado de participar,
Me daría desconfianza,
Muy buena para que todos puedan opinar o decidir de manera libre sin sufrir algún acoso o abusos,
No sé si tenga el tiempo suficiente pero es bueno,
Pues yo creo que es por seguridad de datos aunque no tendría ningún problema en que las personas supieran que estoy trabajando en un proyecto de este tipo,
Es importante como en cualquier plataforma,
Mi percepción sería que la plataforma debería tener políticas claras de privacidad y seguridad así como mecanismos para garantizar la transparencia en el manejo de los datos de los usuarios. Esto podría incluir la opción de controlar qué información se comparte públicamente el uso de encriptación para proteger la comunicación entre otros,
Tendría que investigar o preguntar sobre su confiabilidad,
La confianza si es algo que se deberá fomentar para una mejor organización entre personas y factores que tienen como objetivo común proyectos en la sostenibilidad. Así como sabemos que cada persona goza de derechos como la privacidad no hace falta decir que se debe respetar algo así sin sobrepasar el límite de cada persona,
Al unirme a una plataforma digital dedicada a la sostenibilidad ambiental es crucial evaluar la confianza y protección de la privacidad que ofrece la plataforma para asegurarme de que se cumplan los estándares éticos y legales en el manejo de la información de los usuarios,
La idea sobre esta plataforma me parece confiable sin embargo para decidir usarla tendría antes que leer más sobre sus políticas de privacidad,
Creo que es importante que al momento de ingresar a un sitio web tengas la confianza de estar en un sitio seguro,
La privacidad es un tema importante da a entender que es una plataforma segura,
Que se haga de manera anónima,
Ninguna pues nunca he usado una,
Pienso que la idea es generar un ambiente sano para promover la finalidad de ella. La privacidad va de la mano con cada persona,
Son aspectos fundamentales para poder lograr una gran comunidad,
Muy confiable ya que todo es para seguir con la sustentabilidad,
La confianza y privacidad son algo totalmente útil y debe estar presente en todo momento. La gente debe poder confiar en esta plataforma para poder participar en un proyecto y si esta plataforma lo establece puede ser un gran proyecto atrayendo a más personas,
Pues para la confianza el que tenga las certificaciones necesarias y adecuadas para que tenga la fiabilidad,
Regular aunque si la sustenta alguna organización seria mejoraría considerablemente,
Es de desconfianza por lo mismo que hay muchas páginas que solo se dedican a la recolección de datos,
Es muy importante,
Pues no me brinda mucha confianza al principio pero sería cuestión de ir familiarizándose con dicha plataforma y los usuarios,
El proyecto no debe de tener privacidad ya que se trata de un proyecto socio ambiental,
Como todo tiene que tener privacidad la plataforma,
Que van a resguardar bien los datos brindados en la plataforma y se usaran de forma correcta,
Pues me da la seguridad de que mis datos están a salvo,
Mi percepción es buena haciendo énfasis en la seguridad y protección de los datos,
Que será segura y no se filtrará información inadecuada,
Considero que son fundamentales para que la plataforma sea segura y se pueda crear una comunidad que verdaderamente se compromete,
La verdad no tengo percepción por ahora sobre eso ya que de momento no he sido parte de una plataforma digital dedicada a la sostenibilidad ambiental,
La misma que a cualquier otra plataforma digital una privacidad sobre mis datos y las personas que tienen acceso o se les comparte que no sea un motivo de venta de datos,
Es que la confianza y la protección de la privacidad son fundamentales al unirse al cualquier plataforma digital,
Tendría una confianza media llegando casi a alta,
Sería bueno,
Siempre cuidar los datos y privacidad de los usuarios,
La tecnología es muy importante hoy en día ya que se puede ser eficiente en el proyecto,
Solo de mis datos quisiera la protección de la privacidad,
Excelente,
No confío mucho en compartir información vía digital,
No sabría explicarlo,
Siento que no es tan necesaria la privacidad ya que imagino una plataforma como Google Meet donde se puede colaborar de manera conjunta,
Si me uniera a una plataforma digital de sostenibilidad esperaría que brindara sólidas garantías de seguridad y privacidad. Confiaría en que tiene políticas claras sobre el manejo de datos implementa controles estrictos de acceso y ofrece opciones de configuración para proteger mi información. Valoraría la transparencia de la organización respecto a sus prácticas de protección lo que reforzaría mi percepción de confiabilidad y me haría sentir cómodo participando en esa comunidad,
Sin opiniones,
Eso dependería de la confianza que impartan los colaboradores y fundadores de la misma,
Pues es un aspecto muy relevante para la confidencialidad de las personas involucradas,
Considero que es una característica muy importante ya que nuestra información confidencial y muy especial,
Me genera desconfianza ingresar mis datos a una plataforma nueva,
Creo que esta bien hasta cierto punto,
Me parece bien,
La misma que a cualquier otra plataforma digital una privacidad sobre mis datos y las personas que tienen acceso o se les comparte que no sea un motivo de venta de datos,
Que no vendan mis datos,
Que van a resguardar bien los datos brindados en la plataforma y se usaran de forma correcta,
Pues yo creo que es por seguridad de datos aunque no tendría ningún problema en que las personas supieran que estoy trabajando en un proyecto de este tipo,
Que se fomente principalmente la comunicación y el apoyo entre usuarios,
No sabría explicarlo,
Que realmente se logre lo que propone cada proyecto no solo de palabra con hechos,
Poner un granito de arena para ayudar a difundir este tipo de proyectos que son tan necesarios para generar conciencia,
Sería bueno,